"id","lat","lng","artdtsch","artbot","gattungdeutsch","strname","pflanzjahr","standalter","bezirk","standortnr","wassermenge","wassersumme","anzahlg"
"16030","51.3242631406","12.2744415852","Zerr-Eiche","Quercus cerris","Quercus","Kiewer Straße",2020,4,"Grünau-Nord","47552",100,"300","3"
"82131","51.3069903331","12.2928784341","Eberesche","Sorbus aucuparia","Sorbus","WG Neubauernsiedlung-Grünverbindung zwischen Rapsweg und Neubauernstraße (3.BA)",2012,12,"Großzschocher","G25823",70,"270","5"
"id-60283","51.3274845622","12.2780383124","Stiel-Eiche","Quercus robur","Quercus","Lyoner Straße",2019,5,"Schönau","76341",100,"400","4"
"5337","51.3071726259","12.2945628716","Stadt-Linde","Tilia cordata 'Greenspire'","Tilia","Rapsweg",2022,2,"Großzschocher","118826",150,"150","1"
"15806","51.3194654514","12.2842833889","Stiel-Eiche","Quercus robur","Quercus","Heilbronner Straße",2023,1,"Grünau-Mitte","125970",100,"300","3"
"id-8970","51.3272755745","12.3456710325","Hopfenbuche","Ostrya carpinifolia","Ostrya","Könneritzstraße",2016,8,"Schleußig","39570",30,"30","1"
"97038","51.3253870059","12.2898145986","Stiel-Eiche","Quercus robur","Quercus","WG Grünau WK 5.1-Garskestraße/Lützner Straße/Schönauer Straße",2020,4,"Schönau","68683",100,"100","1"
"id-56530","51.3439110737","12.3747212723","Stadt-Linde","Tilia cordata 'Greenspire'","Tilia","Richard-Wagner-Straße",2013,11,"Zentrum","73388",50,"200","4"
"id-7975","51.3197368356","12.3413807448","Baumhasel","Corylus colurna","Corylus","Könneritzstraße",1985,39,"Schleußig","39430",27,"27","1"
"16759","51.3404686443","12.3149520318","Brabanter Silber-Linde","Tilia tomentosa 'Brabant'","Tilia","Merseburger Straße",2024,0,"Altlindenau","43719",30,"180","6"
"id-57764","51.3777665465","12.4464382742","Scharlach-Eiche","Quercus coccinea","Quercus","Eichbergstraße",2013,11,"Thekla","73463",200,"200","1"
"id-60109","51.31293395","12.2887082157","Platane","Platanus x acerifolia","Platanus","Ratzelstraße",2019,5,"Grünau-Siedlung","76225",100,"400","4"
"5871","51.267447379","12.2912010865","Säulen-Ahorn","Acer platanoides 'Columnare'","Acer","Holunderweg",2016,8,"Knautkleeberg-Knauthain","75046",30,"30","1"
"id-22223","51.3242526352","12.3806846799","Platane","Platanus x acerifolia","Platanus","Lößniger Straße",2001,23,"Südvorstadt","31236",10,"20","2"
"11880","51.3221545213","12.321261415","Süßkirsche 'Burlat'","Prunus avium 'Burlat'","Prunus","Gleis-Grün-Zug Bahnhof Plagwitz",2016,8,"Plagwitz","G42183",150,"550","5"
"102045","51.3226704038","12.3210954064","Haus-Apfel 'Rote Sternrenette'","Malus domestica 'Rote Sternrenette'","Malus","Gleis-Grün-Zug Bahnhof Plagwitz",2016,8,"Plagwitz","G42212",150,"550","5"
"id-10980","51.3390910741","12.2991595217","Kaiser-Linde","Tilia x vulgaris 'Pallida'","Tilia","Schomburgkstraße",2021,3,"Neulindenau","45752",100,"100","1"
"1655","51.3196646255","12.2775624979","Zerr-Eiche","Quercus cerris","Quercus","Kiewer Straße",2020,4,"Schönau","47435",150,"450","4"
"3314","51.3251780739","12.2740532648","Zerr-Eiche","Quercus cerris","Quercus","Kiewer Straße",2021,3,"Grünau-Nord","47563",100,"500","5"
"id-30305","51.3325866404","12.4063924881","Kegelförmiger Spitz-Ahorn","Acer platanoides 'Emerald Queen'","Acer","Riebeckstraße",1996,28,"Reudnitz-Thonberg","22126",40,"70","2"
"id-59422","51.3348968745","12.3351950099","Amberbaum","Liquidambar styraciflua","Liquidambar","Siemeringstraße",2017,7,"Lindenau","75078",80,"1040","14"
"id-30217","51.3483919076","12.4014659646","Stadt-Linde","Tilia cordata 'Greenspire'","Tilia","Schulze-Delitzsch-Straße",2014,10,"Neustadt-Neuschönefeld","8060",50,"400","18"
"90382","51.3248423385","12.2905831352","Stiel-Eiche","Quercus robur","Quercus","WG Grünau WK 5.1-Garskestraße/Lützner Straße/Schönauer Straße",2020,4,"Schönau","78028",100,"200","2"
"id-55860","51.3431187401","12.3173792867","Winter-Linde 'Rancho'","Tilia cordata 'Rancho'","Tilia","Rosenmüllerstraße",2011,13,"Leutzsch","71506",25,"25","1"
"3266","51.3239139588","12.2923895534","Ess-Kastanie","Castanea sativa","Castanea","Parkplatz 6104",2021,3,"Grünau-Ost","53307",150,"150","1"
"16614","51.3675570594","12.3719495314","Hopfenbuche","Ostrya carpinifolia","Ostrya","Corinthstraße",2024,0,"Gohlis-Mitte","133797",50,"525","20"
"90159","51.3291532967","12.3082558795","Schwedische Mehlbeere","Sorbus intermedia","Sorbus","Lindenauer Hafen",2015,9,"Schönau","G20512",50,"50","1"
"15804","51.3201656826","12.2839705653","Stadt-Linde","Tilia cordata 'Greenspire'","Tilia","Heilbronner Straße",2023,1,"Grünau-Mitte","125968",100,"300","3"
"90276","51.3257770582","12.2783536536","Hänge-Buche","Fagus sylvatica 'Pendula'","Fagus","Schönauer Viertel, nördlich Weimarer Straße",2016,8,"Schönau","G46013",15,"30","2"
"3530","51.3192833977","12.2843618836","Brabanter Silber-Linde","Tilia tomentosa 'Brabant'","Tilia","Heilbronner Straße",2022,2,"Grünau-Mitte","87272",100,"300","3"
"1648","51.325550782","12.2898525808","Stiel-Eiche","Quercus robur","Quercus","Parkplatz 6004",2020,4,"Schönau","78001",100,"300","3"
"id-12700","51.3407267689","12.3295708124","Kugel-Spitz-Ahorn","Acer platanoides 'Globosum'","Acer","Friesenstraße",1930,94,"Altlindenau","54914",10,"10","1"
"id-57801","51.3258551462","12.2764288376","Nelken-Kirsche","Prunus serrulata 'Kanzan'","Prunus","Mühlhäuser Ring",2014,10,"Schönau","74224",80,"875","18"
"1647","51.3256394278","12.2897214395","Stiel-Eiche","Quercus robur","Quercus","Parkplatz 6004",2020,4,"Schönau","78000",100,"300","3"
"id-60286","51.3273838666","12.2775566059","Stiel-Eiche","Quercus robur","Quercus","Lyoner Straße",2019,5,"Schönau","76338",100,"400","4"
"15969","51.3458483565","12.3152758145","Säulen-Eiche","Quercus robur 'Fastigiata'","Quercus","Benediktusstraße",2020,4,"Leutzsch","76980",25,"155","12"
"id-30650","51.3418778999","12.4058531286","Amberbaum","Liquidambar styraciflua","Liquidambar","Hermann-Liebmann-Straße",2011,13,"Neustadt-Neuschönefeld","9047",40,"640","16"
"94868","51.3226611504","12.3213513102","Walnuss","Juglans regia","Juglans","Gleis-Grün-Zug Bahnhof Plagwitz",2016,8,"Plagwitz","G42211",150,"650","6"
"id-28476","51.3341193205","12.4023854236","Berg-Ahorn","Acer pseudoplatanus","Acer","Reichpietschstraße",1960,64,"Reudnitz-Thonberg","22206",10,"160","30"
"id-30645","51.3417444981","12.4059901927","Kaiser-Linde","Tilia x vulgaris 'Pallida'","Tilia","Hermann-Liebmann-Straße",2011,13,"Neustadt-Neuschönefeld","9041",40,"640","16"
"16026","51.3234876332","12.2748615268","Zerr-Eiche","Quercus cerris","Quercus","Kiewer Straße",2020,4,"Grünau-Nord","47543",150,"450","4"
"16025","51.3219589932","12.2758282229","Zerr-Eiche","Quercus cerris","Quercus","Kiewer Straße",2020,4,"Grünau-Nord","47496",150,"450","4"
"8245","51.3512465265","12.3616943534","Winter-Linde","Tilia cordata","Tilia","Rosental (vorderes)",2019,5,"Zentrum-Nordwest","G5174",18,"50","5"
"3322","51.3211376698","12.2764169099","Zerr-Eiche","Quercus cerris","Quercus","Kiewer Straße",2021,3,"Grünau-Nord","47486",150,"650","6"
"id-60274","51.3278273077","12.2792984268","Stiel-Eiche","Quercus robur","Quercus","Lyoner Straße",2019,5,"Schönau","76349",100,"300","3"
"2323","51.3438669147","12.3187159579","Säulen-Tulpenbaum","Liriodendron tulipifera 'Fastigiatum'","Liriodendron","Pufendorfstraße",2021,3,"Leutzsch","77004",30,"60","2"
"15770","51.3072285289","12.2945326967","Stadt-Linde","Tilia cordata 'Greenspire'","Tilia","Rapsweg",2022,2,"Großzschocher","51613",150,"150","1"
"id-60299","51.3271413656","12.2756926503","Stiel-Eiche","Quercus robur","Quercus","Lyoner Straße",2019,5,"Schönau","76327",100,"500","5"
"11264","51.3271192366","12.3239800752","Feld-Ahorn 'Elsrijk'","Acer campestre 'Elsrijk'","Acer","ehemalige Gleistrasse zwischen Gießerstraße und Naumburger Straße",2013,11,"Plagwitz","G3529",20,"30","2"
"94865","51.3226087272","12.3217173879","Mispel","Mespilus germanica","Mespilus","Gleis-Grün-Zug Bahnhof Plagwitz",2016,8,"Plagwitz","G42208",150,"650","6"
"id-60280","51.327606742","12.2785118573","Stiel-Eiche","Quercus robur","Quercus","Lyoner Straße",2019,5,"Schönau","76344",100,"400","4"
"102042","51.3219631475","12.3209715639","Haus-Apfel 'Topaz'","Malus domestica 'Topaz'","Malus","Gleis-Grün-Zug Bahnhof Plagwitz",2016,8,"Plagwitz","G42201",150,"500","5"
"id-28442","51.3337374647","12.3968600848","Gefülltblühende Rosskastanie","Aesculus hippocastanum 'Baumannii'","Aesculus","Johannisallee",2010,14,"Reudnitz-Thonberg","22369",50,"50","1"
"id-55859","51.3431550198","12.3172629989","Winter-Linde 'Rancho'","Tilia cordata 'Rancho'","Tilia","Rosenmüllerstraße",2011,13,"Leutzsch","71505",10,"10","1"
"17091","51.332683157161966","12.332827378325078",NULL,NULL,"Quercus","Aurelienstraße",2024,0,"Altlindenau","osm_wababele_aurstr_28",5,"15","6"
"id-12230","51.3406915335","12.3137647795","Brabanter Silber-Linde","Tilia tomentosa 'Brabant'","Tilia","Merseburger Straße",2024,0,"Leutzsch","43675",10,"10","1"
"id-13455","51.3366602783","12.3422734921","Platane","Platanus x acerifolia","Platanus","Bowmanstraße",2011,13,"Altlindenau","44354",150,"350","3"
"3217","51.3242706507","12.293713106","Säulen-Tulpenbaum","Liriodendron tulipifera 'Fastigiatum'","Liriodendron","Weißdornstraße",2021,3,"Grünau-Ost","85561",100,"100","1"
"16001","51.3318089365","12.3256280336","Säulen-Ulme","Ulmus 'Columella'","Ulmus","Gießerstraße",2020,4,"Lindenau","76961",25,"35","2"
"id-29080","51.3481479178","12.3718441199","Stadt-Linde","Tilia cordata 'Greenspire'","Tilia","Parthenstraße",2015,9,"Zentrum-Nord","12927",60,"60","1"
"id-57976","51.3234024499","12.3232385053","Feld-Ahorn","Acer campestre","Acer","Weg 5202",2013,11,"Plagwitz","73664",100,"745","12"
"id-13063","51.3415829795","12.3370120555","Blumen-Esche","Fraxinus ornus","Fraxinus","Erich-Köhn-Straße",2019,5,"Altlindenau","54959",20,"105","8"
"102048","51.3228529533","12.3211411772","Haus-Apfel 'Cox Orange'","Malus domestica 'Cox Orange'","Malus","Gleis-Grün-Zug Bahnhof Plagwitz",2016,8,"Plagwitz","G42215",150,"550","5"
"6309","51.3473512931","12.3979465911","Sorte Gemeiner Fliede","Syringa vulgaris 'Mme Florentine Stepman'","Syringa","Mariannenstraße",2023,1,"Neustadt-Neuschönefeld","8212",10,"50","5"
"8097","51.3207999179","12.2547801329","Stiel-Eiche","Quercus robur","Quercus","Park Miltitz",2020,4,"Miltitz","G49709",50,"50","1"
"id-31670","51.3438451698","12.4278898814","Schmalkronige Weiß-Esche","Fraxinus americana 'Skyline'","Fraxinus","Wurzner Straße",2014,10,"Sellerhausen-Stünz","6059",35,"35","1"
"id-60108","51.3129682451","12.2889074","Platane","Platanus x acerifolia","Platanus","Ratzelstraße",2019,5,"Grünau-Siedlung","76224",100,"400","4"
"id-60307","51.3272813426","12.2769036","Stiel-Eiche","Quercus robur","Quercus","Lyoner Straße",2019,5,"Schönau","76334",100,"400","4"
"id-57972","51.323335662","12.3238026552","Feld-Ahorn","Acer campestre","Acer","Weg 5202",2013,11,"Plagwitz","73660",100,"745","11"
"id-12589","51.3352269976","12.3317511586","Chinesische Wildbirne 'Chanticleer'","Pyrus calleryana 'Chanticleer'","Pyrus","Schadowstraße",2000,24,"Lindenau","44386",100,"700","7"
"16615","51.3676389429","12.3718354606","Hopfenbuche","Ostrya carpinifolia","Ostrya","Corinthstraße",2024,0,"Gohlis-Mitte","133798",50,"200","8"
"id-29920","51.3473525731","12.3974579264","Robinie 'Sandraudiga'","Robinia pseudoacacia 'Sandraudiga'","Robinia","Rosa-Luxemburg-Straße",2018,6,"Neustadt-Neuschönefeld","9171",20,"80","6"
"id-27729","51.3314071419","12.3738248956","Platane","Platanus x acerifolia","Platanus","Karl-Liebknecht-Straße",2015,9,"Zentrum-Süd","34274",60,"140","3"
"90161","51.32914216","12.3081705369","Schwedische Mehlbeere","Sorbus intermedia","Sorbus","Lindenauer Hafen",2015,9,"Schönau","G20514",50,"50","1"
"94845","51.3222554252","12.321221657","Walnuss","Juglans regia","Juglans","Gleis-Grün-Zug Bahnhof Plagwitz",2016,8,"Plagwitz","G42168",150,"650","6"
"id-60281","51.327564537","12.2783677824","Stiel-Eiche","Quercus robur","Quercus","Lyoner Straße",2019,5,"Schönau","76343",100,"400","4"
"id-59974","51.3905093529","12.3181908754","Stadt-Linde","Tilia cordata 'Greenspire'","Tilia","Rudolf-Breitscheid-Straße",2018,6,"Lindenthal","75517",10,"20","2"
"id-29925","51.3481482415","12.3995572378","Robinie 'Sandraudiga'","Robinia pseudoacacia 'Sandraudiga'","Robinia","Rosa-Luxemburg-Straße",2018,6,"Neustadt-Neuschönefeld","9177",20,"78","6"
"90144","51.3292677679","12.3087594017","Schwedische Mehlbeere","Sorbus intermedia","Sorbus","Lindenauer Hafen",2015,9,"Schönau","G20486",80,"130","2"
"90148","51.3293032242","12.3083260558","Schwedische Mehlbeere","Sorbus intermedia","Sorbus","Lindenauer Hafen",2015,9,"Schönau","G20495",50,"50","1"
"id-58978","51.3465780233","12.3159689069","Säulen-Eiche 'Fastigiata Koster'","Quercus robur 'Fastigiata Koster'","Quercus","Weinbergstraße",2019,5,"Leutzsch","75863",40,"120","4"
"id-13050","51.3415715762","12.3367954461","Blumen-Esche","Fraxinus ornus","Fraxinus","Erich-Köhn-Straße",2019,5,"Altlindenau","54978",20,"130","10"
"90145","51.3294270072","12.308620434","Schwedische Mehlbeere","Sorbus intermedia","Sorbus","Lindenauer Hafen",2015,9,"Schönau","G20489",50,"50","1"
"id-58006","51.3232444412","12.3245846927","Hainbuche","Carpinus betulus","Carpinus","Weg 5202",2013,11,"Plagwitz","73657",100,"640","8"
"17183","51.2849167","12.33665","Gemeine Esche","Fraxinus excelsior","Fraxinus","Lauerscher Weg",2024,0,"Großzschocher","osm_cossi_1
",80,"1265","16"
"15793","51.3250992978","12.2902991442","Stiel-Eiche","Quercus robur","Quercus","WG Grünau WK 5.1-Garskestraße/Lützner Straße/Schönauer Straße",2020,4,"Schönau","78024",100,"400","4"
"9555","51.3289357223","12.4194075429",NULL,"Rhododendron 'Old Port'","Rhododendron","Ostfriedhof",2010,14,"Anger-Crottendorf","G43737",30,"140","5"
"id-60308","51.3273055205","12.2770730028","Stiel-Eiche","Quercus robur","Quercus","Lyoner Straße",2019,5,"Schönau","76335",100,"400","4"
"id-6991","51.3104410581","12.3692427982","Stadt-Linde","Tilia cordata 'Greenspire'","Tilia","Windscheidstraße",1998,26,"Connewitz","42621",100,"100","1"
"8111","51.3206262839","12.2546363445","Silber-Linde","Tilia tomentosa","Tilia","Park Miltitz",2020,4,"Miltitz","G52275",50,"50","1"
"id-55633","51.3421713813","12.4058412888","Nelken-Kirsche","Prunus serrulata 'Kanzan'","Prunus","Hermann-Liebmann-Straße",2011,13,"Neustadt-Neuschönefeld","71315",40,"640","16"
"id-32710","51.3607432211","12.391930062","Stadt-Linde","Tilia cordata 'Greenspire'","Tilia","Dessauer Straße",2016,8,"Eutritzsch","3400",9,"17","2"
"15966","51.3203240445","12.2551296555","Spitz-Ahorn","Acer platanoides","Acer","Auenweg",2020,4,"Miltitz","51965",100,"680","11"
"8627","51.3069976683","12.2927172872","Japanischer Schnurbaum","Sophora japonica","Sophora","WG Neubauernsiedlung-Grünverbindung zwischen Rapsweg und Neubauernstraße (3.BA)",2012,12,"Großzschocher","G25822",80,"80","1"
"7641","51.3522756667","12.3697386794","Holländische Linde","Tilia x vulgaris","Tilia","Kickerlingsberg/Springerstraße",2011,13,"Zentrum-Nordwest","G2023",18,"76","6"
"id-60003","51.3168428626","12.2657945241","Herbst-Flammen-Ahorn","Acer x  freemanii 'Autumn Blaze'","Acer","Lützner Straße",2018,6,"Grünau-Nord","75486",250,"700","3"
"15794","51.320443715","12.283846876","Stadt-Linde","Tilia cordata 'Greenspire'","Tilia","Parkplatz 6201",2023,1,"Grünau-Mitte","125960",100,"200","2"
"11881","51.3221983758","12.3213266106","Süßkirsche 'Burlat'","Prunus avium 'Burlat'","Prunus","Gleis-Grün-Zug Bahnhof Plagwitz",2016,8,"Plagwitz","G42184",150,"450","4"
"7545","51.3842668278","12.3156664732","Fächerblattbaum","Ginkgo biloba","Ginkgo","Grünfläche an der Pater-Gordian-Straße",2018,6,"Wahren","G45953",10,"10","1"
"id-4728","51.3217104697","12.2759976941","Zerr-Eiche","Quercus cerris","Quercus","Kiewer Straße",2021,3,"Grünau-Nord","47493",150,"550","5"
"id-58007","51.3232552201","12.3244778414","Hainbuche","Carpinus betulus","Carpinus","Weg 5202",2013,11,"Plagwitz","73658",100,"585","9"
"94866","51.322658845","12.3215374773","Walnuss","Juglans regia","Juglans","Gleis-Grün-Zug Bahnhof Plagwitz",2016,8,"Plagwitz","G42209",150,"650","6"
"3265","51.3239419881","12.2925635018","Ess-Kastanie","Castanea sativa","Castanea","Parkplatz 6104",2021,3,"Grünau-Ost","53309",100,"100","1"
"11879","51.32214793","12.3213585466","Süßkirsche 'Hedelfinger Riesenkirsche'","Prunus avium 'Hedelfinger Riesenkirsche'","Prunus","Gleis-Grün-Zug Bahnhof Plagwitz",2016,8,"Plagwitz","G42182",150,"550","5"
"id-60300","51.3271600144","12.2758794632","Stiel-Eiche","Quercus robur","Quercus","Lyoner Straße",2019,5,"Schönau","76328",100,"600","6"
"16755","51.3407430542","12.3134936636","Brabanter Silber-Linde","Tilia tomentosa 'Brabant'","Tilia","Merseburger Straße",2024,0,"Leutzsch","43677",10,"10","1"
"id-31835","51.351965981","12.3747026105","Gefülltblühende Rosskastanie","Aesculus hippocastanum 'Baumannii'","Aesculus","Nordplatz",2015,9,"Zentrum-Nord","53479",5,"5","1"
"id-29919","51.3473258698","12.3973814549","Robinie 'Sandraudiga'","Robinia pseudoacacia 'Sandraudiga'","Robinia","Rosa-Luxemburg-Straße",2018,6,"Neustadt-Neuschönefeld","9170",20,"80","6"
"id-33143","51.3612267619","12.3825963914","Stadt-Linde","Tilia cordata 'Greenspire'","Tilia","Wilhelminenstraße",2013,11,"Eutritzsch","4031",10,"30","3"
"3317","51.3253937319","12.2737638683","Zerr-Eiche","Quercus cerris","Quercus","Kiewer Straße",2021,3,"Grünau-Nord","85404",100,"300","3"
"11542","51.3199969801","12.3376469912","Platane","Platanus x acerifolia","Platanus","Spielplatz Oeserstraße (Mormonenkirchplatz)",2010,14,"Schleußig","G1879",90,"90","1"
"id-60305","51.3272564217","12.2767216083","Stiel-Eiche","Quercus robur","Quercus","Lyoner Straße",2019,5,"Schönau","76333",100,"400","4"
"id-58946","51.3169506278","12.2664612564","Herbst-Flammen-Ahorn","Acer x  freemanii 'Autumn Blaze'","Acer","Lützner Straße",2018,6,"Grünau-Nord","75485",250,"750","3"
"294","51.3547392317","12.3751011884","Apfel-Dorn","Crataegus x lavallei","Crataegus","Balzacstraße",2020,4,"Zentrum-Nord","53838",15,"35","4"
"15803","51.3201883028","12.2841044274","Stadt-Linde","Tilia cordata 'Greenspire'","Tilia","Heilbronner Straße",2023,1,"Grünau-Mitte","125967",100,"400","4"
"11885","51.3216596443","12.320934425","Ess-Kastanie","Castanea sativa","Castanea","Gleis-Grün-Zug Bahnhof Plagwitz",2020,4,"Plagwitz","G42192",150,"500","5"
"id-30646","51.3417944551","12.4059717183","Kaiser-Linde","Tilia x vulgaris 'Pallida'","Tilia","Hermann-Liebmann-Straße",2011,13,"Neustadt-Neuschönefeld","9042",40,"640","16"
"id-458","51.2683147472","12.2931307798","Rotblühende Rosskastanie 'Briotii'","Aesculus x carnea 'Briotii'","Aesculus","Am Klucksgraben",1999,25,"Knautkleeberg-Knauthain","51674",60,"1705","29"
"id-10249","51.329522209","12.3685243023","Platane","Platanus x acerifolia","Platanus","Grassistraße",2017,7,"Zentrum-Süd","37009",200,"350","2"
"id-28474","51.3341801195","12.4020692731","Berg-Ahorn","Acer pseudoplatanus","Acer","Reichpietschstraße",1960,64,"Reudnitz-Thonberg","22204",10,"160","31"
"id-2041","51.3203119042","12.2550146889","Spitz-Ahorn","Acer platanoides","Acer","Auenweg",2012,12,"Miltitz","51966",125,"1235","12"
"id-4758","51.3238581834","12.2747992133","Straßen-Esche","Fraxinus excelsior 'Westhof´s Glorie'","Fraxinus","Kiewer Straße",2000,24,"Schönau","47513",250,"250","1"
"id-8978","51.326939158","12.3454909239","Baumhasel","Corylus colurna","Corylus","Könneritzstraße",1985,39,"Schleußig","39575",23,"1686","100"
"id-25296","51.3151534799","12.4200224756","Kaiser-Linde","Tilia x vulgaris 'Pallida'","Tilia","Naunhofer Straße",2014,10,"Stötteritz","24386",50,"50","1"
"5870","51.2673699617","12.2912331686","Säulen-Ahorn","Acer platanoides 'Columnare'","Acer","Holunderweg",2016,8,"Knautkleeberg-Knauthain","75047",30,"30","1"
"id-60104","51.3133015487","12.2923565072","Platane","Platanus x acerifolia","Platanus","Ratzelstraße",2019,5,"Grünau-Siedlung","76220",150,"400","3"
"id-27708","51.3329835133","12.3731106571","Platane","Platanus x acerifolia","Platanus","Straße des 17. Juni",2002,22,"Zentrum-Süd","35220",20,"20","1"
"16816","51.3317144352","12.3742002273","Winter-Linde 'Rancho'","Tilia cordata 'Rancho'","Tilia","Emilienstraße",2023,1,"Zentrum-Süd","134114",45,"65","2"
"94233","51.3293236652","12.3084600963","Schwedische Mehlbeere","Sorbus intermedia","Sorbus","Lindenauer Hafen",2015,9,"Schönau","G20497",50,"50","1"
"id-29921","51.347437156","12.3976781835","Robinie 'Sandraudiga'","Robinia pseudoacacia 'Sandraudiga'","Robinia","Rosa-Luxemburg-Straße",2018,6,"Neustadt-Neuschönefeld","9172",20,"90","8"
"id-60275","51.3277758248","12.2791304946","Stiel-Eiche","Quercus robur","Quercus","Lyoner Straße",2019,5,"Schönau","76348",100,"300","3"
"11875","51.3229365205","12.3216447406","Silber-Linde","Tilia tomentosa","Tilia","Gleis-Grün-Zug Bahnhof Plagwitz",2016,8,"Plagwitz","G42166",100,"250","4"
"id-60116","51.3119587634","12.2837534599","Platane","Platanus x acerifolia","Platanus","Ratzelstraße",2019,5,"Grünau-Siedlung","76232",100,"500","5"
"id-30653","51.3419026434","12.4059469389","Kaiser-Linde","Tilia x vulgaris 'Pallida'","Tilia","Hermann-Liebmann-Straße",2011,13,"Neustadt-Neuschönefeld","9044",40,"680","17"
"16758","51.3404148103","12.3152400807","Brabanter Silber-Linde","Tilia tomentosa 'Brabant'","Tilia","Merseburger Straße",2024,0,"Altlindenau","43717",30,"120","4"
"97041","51.325512861","12.2896329384","Stiel-Eiche","Quercus robur","Quercus","WG Grünau WK 5.1-Garskestraße/Lützner Straße/Schönauer Straße",2020,4,"Schönau","78017",100,"100","1"
"id-57799","51.3258980166","12.276698046","Nelken-Kirsche","Prunus serrulata 'Kanzan'","Prunus","Mühlhäuser Ring",2014,10,"Schönau","74222",30,"385","20"
"id-60290","51.3270389568","12.2741566155","Stiel-Eiche","Quercus robur","Quercus","Lyoner Straße",2019,5,"Schönau","76318",100,"600","6"
"102043","51.322003016","12.3209451246","Haus-Apfel 'Topaz'","Malus domestica 'Topaz'","Malus","Gleis-Grün-Zug Bahnhof Plagwitz",2020,4,"Plagwitz","G42202",150,"500","5"
"id-55863","51.3431798667","12.3174170748","Winter-Linde 'Rancho'","Tilia cordata 'Rancho'","Tilia","Rosenmüllerstraße",2011,13,"Leutzsch","71509",25,"25","1"
"id-60103","51.3133099928","12.2925154553","Platane","Platanus x acerifolia","Platanus","Ratzelstraße",2019,5,"Grünau-Siedlung","76219",150,"450","3"
"9094","51.3146315085","12.328137956","Zier-Apfel 'Hopa'","Malus 'Hopa'","Malus","Volkspark Kleinzschocher",2010,14,"Kleinzschocher","G1139",30,"30","1"
"13678","51.3209207838","12.2547832474","Silber-Linde","Tilia tomentosa","Tilia","Park Miltitz",2020,4,"Miltitz","G49707",100,"100","1"
"id-60306","51.3273332076","12.2772386087","Stiel-Eiche","Quercus robur","Quercus","Lyoner Straße",2019,5,"Schönau","76336",100,"400","4"
"id-1990","51.3202712071","12.2546792313","Spitz-Ahorn","Acer platanoides","Acer","Auenweg",2012,12,"Miltitz","51968",50,"100","2"
"14390","51.3292544135","12.3087966494","Schwedische Mehlbeere","Sorbus intermedia","Sorbus","Lindenauer Hafen",2020,4,"Schönau","G20485",50,"50","1"
"id-27692","51.332829625","12.3734834179","Ungarische Eiche","Quercus frainetto","Quercus","Peterssteinweg",2015,9,"Zentrum-Süd","38860",50,"315","7"
"90149","51.3293000075","12.3084052049","Schwedische Mehlbeere","Sorbus intermedia","Sorbus","Lindenauer Hafen",2015,9,"Schönau","G20496",50,"50","1"
"15799","51.3206716995","12.2852668469","Hopfenbuche","Ostrya carpinifolia","Ostrya","Ulmer Straße",2023,1,"Grünau-Mitte","35046",100,"200","2"
"id-60293","51.3270639016","12.2746677839","Stiel-Eiche","Quercus robur","Quercus","Lyoner Straße",2019,5,"Schönau","76321",100,"400","4"
"id-25294","51.3152095427","12.4199340793","Kaiser-Linde","Tilia x vulgaris 'Pallida'","Tilia","Naunhofer Straße",2014,10,"Stötteritz","24385",50,"50","1"
"6228","51.3468031461","12.3143373329","Säulen-Hainbuche 'Frans Fontaine'","Carpinus betulus 'Frans Fontaine'","Carpinus","Sattelhofstraße",2023,1,"Leutzsch","124989",15,"15","1"
"id-1996","51.320204204","12.2542844859","Spitz-Ahorn","Acer platanoides","Acer","Auenweg",2012,12,"Miltitz","51971",50,"50","1"
"id-57974","51.3233672385","12.3235197533","Feld-Ahorn","Acer campestre","Acer","Weg 5202",2013,11,"Plagwitz","73662",100,"735","10"
"3316","51.3253473454","12.2739760392","Zerr-Eiche","Quercus cerris","Quercus","Kiewer Straße",2021,3,"Schönau","47565",100,"500","5"
"1383","51.3473817786","12.3978134361","Säulen-Hainbuche 'Frans Fontaine'","Carpinus betulus 'Frans Fontaine'","Carpinus","Mariannenstraße",2020,4,"Neustadt-Neuschönefeld","8211",20,"80","7"
"id-60285","51.3274140507","12.2777097183","Stiel-Eiche","Quercus robur","Quercus","Lyoner Straße",2019,5,"Schönau","76339",100,"400","4"
"id-28432","51.3337232664","12.3970911861","Gefülltblühende Rosskastanie","Aesculus hippocastanum 'Baumannii'","Aesculus","Johannisallee",2003,21,"Reudnitz-Thonberg","22376",30,"50","2"
"id-6992","51.3103752459","12.3692558919","Stadt-Linde","Tilia cordata 'Greenspire'","Tilia","Windscheidstraße",1995,29,"Connewitz","42622",100,"100","1"
"9551","51.3288050301","12.4190562693","Strauch - Rosskastanie","Aesculus parviflora","Aesculus","Ostfriedhof",2008,16,"Anger-Crottendorf","G43733",60,"290","5"
"id-60113","51.3127875404","12.2879364234","Platane","Platanus x acerifolia","Platanus","Ratzelstraße",2019,5,"Grünau-Siedlung","76229",100,"400","4"
"3046","51.3387440436","12.2988617246","Kaiser-Linde","Tilia x vulgaris 'Pallida'","Tilia","Schomburgkstraße",2021,3,"Neulindenau","45757",100,"100","1"
"id-60288","51.3270243521","12.2738346186","Stiel-Eiche","Quercus robur","Quercus","Lyoner Straße",2019,5,"Schönau","76316",100,"400","4"
"id-60120","51.3113504136","12.2806132549","Platane","Platanus x acerifolia","Platanus","Ratzelstraße",2019,5,"Grünau-Siedlung","76236",100,"500","5"
"11876","51.322955548","12.321462191","Silber-Linde","Tilia tomentosa","Tilia","Gleis-Grün-Zug Bahnhof Plagwitz",2016,8,"Plagwitz","G42167",100,"350","4"
"id-60118","51.3118874409","12.2833970309","Platane","Platanus x acerifolia","Platanus","Ratzelstraße",2019,5,"Grünau-Siedlung","76234",100,"500","5"
"3531","51.3193014192","12.2844835577","Brabanter Silber-Linde","Tilia tomentosa 'Brabant'","Tilia","Heilbronner Straße",2022,2,"Grünau-Mitte","87273",100,"300","3"
"1649","51.325465417","12.2899780845","Stiel-Eiche","Quercus robur","Quercus","Parkplatz 6004",2020,4,"Schönau","78002",100,"300","3"
"id-58038","51.3355475345","12.3247876873","Säulen-Hainbuche 'Frans Fontaine'","Carpinus betulus 'Frans Fontaine'","Carpinus","Demmeringstraße",2013,11,"Altlindenau","73678",75,"285","6"
"id-56920","51.3258067158","12.3239585704","Zerr-Eiche","Quercus cerris","Quercus","Markranstädter Straße",2013,11,"Plagwitz","73654",100,"1320","15"
"5388","51.335384521","12.3317040645","Kaiser-Linde","Tilia x vulgaris 'Pallida'","Tilia","Schadowstraße",2022,2,"Lindenau","44391",100,"731","10"
"6229","51.3466544335","12.3142221058","Säulen-Hainbuche 'Frans Fontaine'","Carpinus betulus 'Frans Fontaine'","Carpinus","Sattelhofstraße",2023,1,"Leutzsch","124990",15,"15","1"
"id-3898","51.319497065","12.2792954181","Rot-Esche","Fraxinus pennsylvanica","Fraxinus","Lützner Straße",2018,6,"Schönau","43933",200,"200","1"
"102044","51.3222317019","12.3209632281","Haus-Apfel 'Jacob Lebel'","Malus domestica 'Jacob Lebel'","Malus","Gleis-Grün-Zug Bahnhof Plagwitz",2020,4,"Plagwitz","G42205",150,"550","5"
"94864","51.3218001315","12.3209697277","Haus-Pflaume 'Hauszwetschge'","Prunus domestica 'Hauszwetschge'","Prunus","Gleis-Grün-Zug Bahnhof Plagwitz",2016,8,"Plagwitz","G42196",150,"500","5"
"id-60295","51.3270829374","12.2750218192","Stiel-Eiche","Quercus robur","Quercus","Lyoner Straße",2019,5,"Schönau","76323",100,"600","6"
"id-60296","51.3270985014","12.2751803899","Stiel-Eiche","Quercus robur","Quercus","Lyoner Straße",2019,5,"Schönau","76324",100,"600","6"
"16618","51.3679147342","12.3714465517","Hopfenbuche","Ostrya carpinifolia","Ostrya","Corinthstraße",2024,0,"Gohlis-Mitte","133801",50,"100","3"
"3315","51.3252619243","12.2740118276","Zerr-Eiche","Quercus cerris","Quercus","Kiewer Straße",2021,3,"Grünau-Nord","47564",100,"500","5"
"id-18196","51.2866748498","12.4059923966","Stadt-Linde","Tilia cordata 'Greenspire'","Tilia","Leinestraße",2015,9,"Dölitz-Dösen","34680",30,"445","15"
"11891","51.3229875348","12.321189601","Haus-Apfel  'Roter Eiserapfel'","Malus domestica 'Roter Eiserapfel'","Malus","Gleis-Grün-Zug Bahnhof Plagwitz",2016,8,"Plagwitz","G42217",150,"550","5"
"3218","51.3241412847","12.2937705656","Säulen-Tulpenbaum","Liriodendron tulipifera 'Fastigiatum'","Liriodendron","Weißdornstraße",2021,3,"Grünau-Ost","85562",100,"100","1"
"id-1994","51.3202287262","12.2543981382","Spitz-Ahorn","Acer platanoides","Acer","Auenweg",2012,12,"Miltitz","51970",50,"100","2"
"2912","51.303348561","12.3921759471","Stadt-Linde","Tilia cordata 'Greenspire'","Tilia","Probstheidaer Straße",2021,3,"Marienbrunn","71055",25,"190","12"
"id-58969","51.3396091646","12.3261439457","Dreilappiger Apfel","Eriolobus trilobatus","Eriolobus","Calvisiusstraße",2024,0,"Altlindenau","75399",100,"330","8"
"11882","51.3221595687","12.321175426","Süßkirsche 'Große Schwarze Knorpel '","Prunus avium 'Große Schwarze Knorpel'","Prunus","Gleis-Grün-Zug Bahnhof Plagwitz",2016,8,"Plagwitz","G42186",150,"500","5"
"id-8697","51.3249022864","12.3444174168","Stadt-Linde","Tilia cordata 'Greenspire'","Tilia","Könneritzstraße",2016,8,"Schleußig","39535",45,"45","1"
"id-30047","51.347386979","12.3977024037","Säulen-Hainbuche 'Frans Fontaine'","Carpinus betulus 'Frans Fontaine'","Carpinus","Mariannenstraße",2020,4,"Neustadt-Neuschönefeld","8210",20,"80","7"
"id-60273","51.3279330693","12.2795998156","Stiel-Eiche","Quercus robur","Quercus","Lyoner Straße",2019,5,"Schönau","76351",100,"300","3"
"3221","51.3240948507","12.293488103","Ess-Kastanie","Castanea sativa","Castanea","Parkplatz 6104",2021,3,"Grünau-Ost","53310",100,"100","1"
"3671","51.3621989603","12.3751113691","Robinie 'Semperflorens'","Robinia pseudoacacia 'Semperflorens'","Robinia","Blochmannstraße",2022,2,"Gohlis-Süd","58491",30,"298","12"
"id-33154","51.3612508607","12.3836746443","Stadt-Linde","Tilia cordata 'Greenspire'","Tilia","Wilhelminenstraße",2013,11,"Eutritzsch","4042",10,"30","3"
"id-31218","51.3467903315","12.4083792831","Säulen-Hainbuche 'Frans Fontaine'","Carpinus betulus 'Frans Fontaine'","Carpinus","Mariannenstraße",1997,27,"Volkmarsdorf","8343",20,"20","1"
"16028","51.3237512762","12.2747156925","Zerr-Eiche","Quercus cerris","Quercus","Kiewer Straße",2020,4,"Schönau","47546",150,"450","4"
"10398","51.3215876394","12.2555226897","Robinie","Robinia pseudoacacia","Robinia","Park Miltitz",2021,3,"Miltitz","84535",60,"160","3"
"id-57978","51.3234364961","12.3229574683","Feld-Ahorn","Acer campestre","Acer","Weg 5202",2013,11,"Plagwitz","73666",100,"580","8"
"id-35162","51.3596213127","12.4134756285","Stadt-Linde","Tilia cordata 'Greenspire'","Tilia","Leostraße",2019,5,"Schönefeld-Abtnaundorf","10129",60,"405","9"
"id-4978","51.3227377662","12.2754750112","Straßen-Esche","Fraxinus excelsior 'Westhof´s Glorie'","Fraxinus","Kiewer Straße",1996,28,"Schönau","47505",200,"200","1"
"3219","51.3240892213","12.2937948599","Säulen-Tulpenbaum","Liriodendron tulipifera 'Fastigiatum'","Liriodendron","Weißdornstraße",2021,3,"Grünau-Ost","85563",100,"100","1"
"7453","51.3294600498","12.3936530584","Sand-Birke","Betula pendula","Betula","Friedenspark (Neuer Johannisfriedhof)",2022,2,"Zentrum-Südost","G3214",10,"10","1"
"id-7086","51.3149652967","12.3272050517","Säulen-Hainbuche 'Frans Fontaine'","Carpinus betulus 'Frans Fontaine'","Carpinus","Windorfer Straße",2003,21,"Kleinzschocher","41126",80,"80","1"
"90147","51.3293431073","12.3083746846","Schwedische Mehlbeere","Sorbus intermedia","Sorbus","Lindenauer Hafen",2015,9,"Schönau","G20494",50,"50","1"
"id-30028","51.3472823147","12.3979347022","Säulen-Hainbuche 'Frans Fontaine'","Carpinus betulus 'Frans Fontaine'","Carpinus","Mariannenstraße",1999,25,"Neustadt-Neuschönefeld","8206",10,"50","5"
"3318","51.3205402341","12.2767782575","Zerr-Eiche","Quercus cerris","Quercus","Kiewer Straße",2021,3,"Grünau-Nord","85429",150,"650","6"
"90476","51.3239730712","12.2921669647","Brabanter Silber-Linde","Tilia tomentosa 'Brabant'","Tilia","WG Grünau WK 3-Lützner Straße/Schönauer Straße",2022,2,"Grünau-Ost","85289",150,"150","1"
"id-30648","51.3417587486","12.4058824047","Amberbaum","Liquidambar styraciflua","Liquidambar","Hermann-Liebmann-Straße",2011,13,"Neustadt-Neuschönefeld","9046",40,"640","16"
"id-36063","51.3656405927","12.4254078276","Purpur-Erle","Alnus x spaethii","Alnus","Stöhrerstraße",2017,7,"Schönefeld-Ost","12415",15,"60","4"
"2322","51.3438198622","12.3188763893","Säulen-Tulpenbaum","Liriodendron tulipifera 'Fastigiatum'","Liriodendron","Pufendorfstraße",2021,3,"Leutzsch","77003",30,"60","2"
"15801","51.3204182384","12.2840042494","Stadt-Linde","Tilia cordata 'Greenspire'","Tilia","Heilbronner Straße",2023,1,"Grünau-Mitte","125965",150,"350","3"
"15835","51.3196860842","12.2858322718","Stiel-Eiche","Quercus robur","Quercus","Ulmer Straße",2023,1,"Grünau-Mitte","126138",100,"300","3"
"id-13009","51.3463741889","12.3169733416","Amberbaum 'Paarl'","Liquidambar styraciflua 'Paarl'","Liquidambar","Landwaisenhausstraße",2019,5,"Leutzsch","75403",30,"127","5"
"id-60267","51.3282654919","12.2804898865","Stiel-Eiche","Quercus robur","Quercus","Lyoner Straße",2019,5,"Schönau","76357",100,"300","3"
"97039","51.3256537124","12.2894912307","Stiel-Eiche","Quercus robur","Quercus","WG Grünau WK 5.1-Garskestraße/Lützner Straße/Schönauer Straße",2020,4,"Schönau","78015",100,"100","1"
"17184","51.2848","12.3365167","Gemeine Esche","Fraxinus excelsior","Fraxinus","Lauerscher Weg",2024,0,"Großzschocher","osm_cossi_2",80,"1265","16"
"id-59946","51.3328943831","12.3535098644","Säulen-Eiche","Quercus robur 'Fastigiata'","Quercus","Sebastian-Bach-Straße",2018,6,"Zentrum-West","75762",10,"10","1"
"id-59878","51.3341877075","12.3557264102","Säulen-Eiche","Quercus robur 'Fastigiata'","Quercus","Sebastian-Bach-Straße",2018,6,"Zentrum-West","75760",30,"130","5"
"id-19548","51.3103007729","12.3781899653","Stadt-Linde","Tilia cordata 'Greenspire'","Tilia","Arno-Nitzsche-Straße",2008,16,"Connewitz","31823",1,"1","1"
"id-31673","51.3438833606","12.4280234513","Straßen-Esche","Fraxinus excelsior 'Westhof´s Glorie'","Fraxinus","Wurzner Straße",2000,24,"Sellerhausen-Stünz","6061",5,"5","1"
"id-57977","51.3234171607","12.3230991264","Feld-Ahorn","Acer campestre","Acer","Weg 5202",2013,11,"Plagwitz","73665",100,"465","6"
"97044","51.3253344654","12.2899027743","Stiel-Eiche","Quercus robur","Quercus","WG Grünau WK 5.1-Garskestraße/Lützner Straße/Schönauer Straße",2020,4,"Schönau","78020",100,"100","1"
"id-57971","51.3233174506","12.323942381","Feld-Ahorn","Acer campestre","Acer","Weg 5202",2013,11,"Plagwitz","73659",100,"725","9"
"id-59475","51.3167696545","12.3256083251","Fächerblattbaum","Ginkgo biloba 'Princeton Sentry'","Ginkgo","Gießerstraße",2019,5,"Kleinzschocher","76154",65,"583","17"
"3321","51.3210545445","12.276474085","Zerr-Eiche","Quercus cerris","Quercus","Kiewer Straße",2021,3,"Grünau-Nord","47485",150,"650","6"
"16217","51.3397278136","12.3328786104","Säulen-Eiche 'Fastigiata Koster'","Quercus robur 'Fastigiata Koster'","Quercus","Mühligstraße",2023,1,"Altlindenau","133600",15,"45","3"
"1697","51.3631521849","12.3580275903","Säulen-Hainbuche 'Frans Fontaine'","Carpinus betulus 'Frans Fontaine'","Carpinus","Kasseler Straße",2020,4,"Gohlis-Süd","76395",10,"45","5"
"id-29926","51.348275165","12.3998941671","Robinie 'Sandraudiga'","Robinia pseudoacacia 'Sandraudiga'","Robinia","Rosa-Luxemburg-Straße",2018,6,"Neustadt-Neuschönefeld","9178",10,"35","4"
"id-60123","51.3112171109","12.2800478218","Platane","Platanus x acerifolia","Platanus","Ratzelstraße",2019,5,"Grünau-Siedlung","76239",100,"500","5"
"94863","51.3217737776","12.3210325561","Haus-Pflaume 'Ontariopflaume'","Prunus domestica 'Ontariopflaume'","Prunus","Gleis-Grün-Zug Bahnhof Plagwitz",2016,8,"Plagwitz","G42195",150,"500","5"
"id-60276","51.3278819833","12.279448943","Stiel-Eiche","Quercus robur","Quercus","Lyoner Straße",2019,5,"Schönau","76350",100,"300","3"
"id-59882","51.3346687296","12.3566221352","Säulen-Eiche","Quercus robur 'Fastigiata'","Quercus","Sebastian-Bach-Straße",2018,6,"Zentrum-West","75756",100,"485","14"
"16031","51.3243496324","12.2743976962","Zerr-Eiche","Quercus cerris","Quercus","Kiewer Straße",2020,4,"Grünau-Nord","47553",100,"300","3"
"id-58699","51.3310230166","12.3056606926","Sumpf-Eiche","Quercus palustris","Quercus","Hafenstraße",2014,10,"Schönau","74418",100,"885","10"
"13487","51.3211513339","12.254450814","Yoshino-Kirsche","Prunus x yedoensis","Prunus","Park Miltitz",2012,12,"Miltitz","G29549",50,"50","1"
"11877","51.3223354052","12.3218396831","Silber-Linde","Tilia tomentosa","Tilia","Gleis-Grün-Zug Bahnhof Plagwitz",2017,7,"Plagwitz","G42178",100,"250","3"
"id-60269","51.3281565795","12.2802076302","Stiel-Eiche","Quercus robur","Quercus","Lyoner Straße",2019,5,"Schönau","76355",100,"300","3"
"id-57804","51.3258080391","12.2761399266","Nelken-Kirsche","Prunus serrulata 'Kanzan'","Prunus","Mühlhäuser Ring",2014,10,"Schönau","74227",80,"875","18"
"id-12699","51.3406664053","12.3295308118","Kugel-Spitz-Ahorn","Acer platanoides 'Globosum'","Acer","Friesenstraße",1930,94,"Altlindenau","54913",10,"10","1"
"15837","51.3195574874","12.2857560867","Stiel-Eiche","Quercus robur","Quercus","Ulmer Straße",2023,1,"Grünau-Mitte","35044",100,"300","3"
"17093","51.331973275034983","12.332782169913571",NULL,NULL,"Quercus","Merseburgerstraße",2024,0,"Altlindenau","osm_wababele_mbstr_33",3,"9","4"
"id-28282","51.334096612","12.3977669565","Rosskastanie","Aesculus hippocastanum","Aesculus","Eilenburger Straße",1970,54,"Reudnitz-Thonberg","22422",80,"80","1"
"16756","51.3407664788","12.3133660683","Brabanter Silber-Linde","Tilia tomentosa 'Brabant'","Tilia","Merseburger Straße",2024,0,"Leutzsch","43678",15,"15","1"
"id-16128","51.3480402594","12.37165984","Stadt-Linde","Tilia cordata 'Greenspire'","Tilia","Parthenstraße",2011,13,"Zentrum-Nord","12945",25,"135","6"
"7717","51.3337912225","12.402353151","Rot-Eiche","Quercus rubra","Quercus","Lene-Voigt-Park",2014,10,"Reudnitz-Thonberg","G6826",10,"160","30"
"94860","51.3215597154","12.320973552","Echte Quitte","Cydonia oblonga","Cydonia","Gleis-Grün-Zug Bahnhof Plagwitz",2016,8,"Plagwitz","G42188",150,"250","2"
"11893","51.3227767554","12.3213408393","Feld-Ahorn","Acer campestre","Acer","Gleis-Grün-Zug Bahnhof Plagwitz",2020,4,"Plagwitz","G47636",150,"600","5"
"7835","51.3293444824","12.3085440108","Schwedische Mehlbeere","Sorbus intermedia","Sorbus","Lindenauer Hafen",2015,9,"Schönau","G20492",50,"50","1"
"id-60119","51.3118511506","12.2832169166","Platane","Platanus x acerifolia","Platanus","Ratzelstraße",2019,5,"Grünau-Siedlung","76235",100,"500","5"
"id-31802","51.3531745419","12.3737416436","Platane","Platanus x acerifolia","Platanus","Nordplatz",1998,26,"Zentrum-Nord","53456",10,"10","1"
"17188","51.3276841159","12.3353799473","Hopfenbuche","Ostrya carpinifolia","Ostrya","Industriestraße",2024,0,"Plagwitz","40361",25,"50","2"
"id-60304","51.3272316874","12.276547645","Stiel-Eiche","Quercus robur","Quercus","Lyoner Straße",2019,5,"Schönau","76332",100,"400","4"
"90378","51.3252773491","12.2899959828","Stiel-Eiche","Quercus robur","Quercus","WG Grünau WK 5.1-Garskestraße/Lützner Straße/Schönauer Straße",2020,4,"Schönau","78021",150,"250","2"
"8100","51.320866812","12.2543794126","Silber-Linde","Tilia tomentosa","Tilia","Park Miltitz",2019,5,"Miltitz","G49717",50,"50","1"
"id-30023","51.3473148754","12.3975018563","Säulen-Hainbuche 'Frans Fontaine'","Carpinus betulus 'Frans Fontaine'","Carpinus","Mariannenstraße",2018,6,"Neustadt-Neuschönefeld","8204",20,"60","5"
"id-459","51.2682366066","12.2931705006","Rotblühende Rosskastanie 'Briotii'","Aesculus x carnea 'Briotii'","Aesculus","Am Klucksgraben",1999,25,"Knautkleeberg-Knauthain","51673",60,"1705","29"
"id-60278","51.3276887879","12.2788376173","Stiel-Eiche","Quercus robur","Quercus","Lyoner Straße",2019,5,"Schönau","76346",100,"300","3"
"id-59864","51.3081033402","12.3795834969","Amberbaum","Liquidambar styraciflua","Liquidambar","Pfeffingerstraße",2018,6,"Connewitz","75523",20,"20","1"
"1472","51.3328068363","12.4065153021","Kegelförmiger Spitz-Ahorn","Acer platanoides 'Emerald Queen'","Acer","Riebeckstraße",2020,4,"Reudnitz-Thonberg","22123",80,"440","9"
"11890","51.322525965","12.321256844","Essbare Eberesche","Sorbus aucuparia 'Edulis'","Sorbus","Gleis-Grün-Zug Bahnhof Plagwitz",2016,8,"Plagwitz","G42207",100,"200","2"
"id-31675","51.3439365728","12.4282021345","Schmalkronige Weiß-Esche","Fraxinus americana 'Skyline'","Fraxinus","Wurzner Straße",2014,10,"Sellerhausen-Stünz","6063",45,"75","3"
"id-12853","51.3373287354","12.3372399177","Chinesische Wildbirne 'Chanticleer'","Pyrus calleryana 'Chanticleer'","Pyrus","Kuhturmstraße",2012,12,"Altlindenau","55018",20,"130","11"
"7628","51.3906922545","12.3188923472","Stadt-Linde","Tilia cordata 'Greenspire'","Tilia","Karl-Marx-Platz",2018,6,"Lindenthal","G46670",10,"20","2"
"id-8932","51.3278018936","12.3459479862","Stadt-Linde","Tilia cordata 'Greenspire'","Tilia","Könneritzstraße",2016,8,"Schleußig","39601",48,"96","2"
"16218","51.3397976577","12.3331721045","Säulen-Eiche 'Fastigiata Koster'","Quercus robur 'Fastigiata Koster'","Quercus","Mühligstraße",2023,1,"Altlindenau","133599",15,"45","3"
"id-29099","51.3477559692","12.3730179873","Stadt-Linde","Tilia cordata 'Greenspire'","Tilia","Parthenstraße",2012,12,"Zentrum-Nord","12930",25,"225","20"
"id-60282","51.3275195793","12.2781942974","Stiel-Eiche","Quercus robur","Quercus","Lyoner Straße",2019,5,"Schönau","76342",100,"400","4"
"id-37704","51.3396150027","12.4816630341","Stadt-Linde","Tilia cordata 'Greenspire'","Tilia","Opalstraße",2000,24,"Engelsdorf","19849",10,"10","1"
"3320","51.320460279","12.2768328391","Zerr-Eiche","Quercus cerris","Quercus","Kiewer Straße",2021,3,"Grünau-Nord","47460",150,"650","6"
"76750","51.3339476556","12.3277667498","Trauben-Kirsche","Prunus padus","Prunus","Henriettenpark",2002,22,"Lindenau","G1325",80,"155","2"
"id-60111","51.3128608105","12.2883270511","Platane","Platanus x acerifolia","Platanus","Ratzelstraße",2019,5,"Grünau-Siedlung","76227",100,"400","4"
"id-10211","51.3297824153","12.3684126354","Platane","Platanus x acerifolia","Platanus","Grassistraße",2006,18,"Zentrum-Süd","37006",100,"200","2"
"5385","51.3355416101","12.3410069148","Platane","Platanus x acerifolia","Platanus","Bowmanstraße",2022,2,"Lindenau","44334",175,"650","6"
"id-12585","51.3352365674","12.3318672106","Chinesische Wildbirne 'Chanticleer'","Pyrus calleryana 'Chanticleer'","Pyrus","Schadowstraße",2000,24,"Lindenau","44390",100,"700","7"
"id-60270","51.3280922042","12.2800499342","Stiel-Eiche","Quercus robur","Quercus","Lyoner Straße",2019,5,"Schönau","76354",100,"300","3"
"16754","51.3407185925","12.3136309407","Brabanter Silber-Linde","Tilia tomentosa 'Brabant'","Tilia","Merseburger Straße",2024,0,"Leutzsch","43676",10,"10","1"
"15802","51.3203438818","12.2840405451","Stadt-Linde","Tilia cordata 'Greenspire'","Tilia","Heilbronner Straße",2023,1,"Grünau-Mitte","125966",150,"350","3"
"16757","51.3407914748","12.3132324933","Brabanter Silber-Linde","Tilia tomentosa 'Brabant'","Tilia","Merseburger Straße",2024,0,"Leutzsch","43679",15,"15","1"
"id-29922","51.3474827426","12.3977949475","Robinie 'Sandraudiga'","Robinia pseudoacacia 'Sandraudiga'","Robinia","Rosa-Luxemburg-Straße",2018,6,"Neustadt-Neuschönefeld","9173",20,"90","8"
"id-25298","51.3150928885","12.4201257646","Kaiser-Linde","Tilia x vulgaris 'Pallida'","Tilia","Naunhofer Straße",2014,10,"Stötteritz","24387",50,"50","1"
"id-28473","51.3342026142","12.4019278689","Gefülltblühende Rosskastanie","Aesculus hippocastanum 'Baumannii'","Aesculus","Reichpietschstraße",1999,25,"Reudnitz-Thonberg","22203",10,"180","33"
"id-12444","51.332868407","12.3336851152","Apfel-Dorn","Crataegus x lavallei","Crataegus","Aurelienstraße",2003,21,"Lindenau","44380",40,"110","3"
"16027","51.3236634573","12.2747643961","Zerr-Eiche","Quercus cerris","Quercus","Kiewer Straße",2020,4,"Schönau","47545",150,"450","4"
"id-57805","51.3258765551","12.2759574259","Feld-Ahorn 'Elsrijk'","Acer campestre 'Elsrijk'","Acer","Mühlhäuser Ring",2014,10,"Schönau","74228",30,"415","21"
"11887","51.3219553878","12.3211551753","Kultur-Birne 'Petersbirne'","Pyrus communis 'Petersbirne'","Pyrus","Gleis-Grün-Zug Bahnhof Plagwitz",2016,8,"Plagwitz","G42199",150,"500","5"
"id-59720","51.3194594891","12.2791647294","Rot-Esche","Fraxinus pennsylvanica","Fraxinus","Lützner Straße",2018,6,"Schönau","75491",250,"250","1"
"90146","51.329417997","12.3085649714","Schwedische Mehlbeere","Sorbus intermedia","Sorbus","Lindenauer Hafen",2015,9,"Schönau","G20490",50,"50","1"
"11888","51.321984313","12.321051431","Kultur-Birne 'Clapps Liebling'","Pyrus communis 'Clapps Liebling'","Pyrus","Gleis-Grün-Zug Bahnhof Plagwitz",2022,2,"Plagwitz","G42200",150,"650","6"
"90151","51.3292361377","12.3086824376","Schwedische Mehlbeere","Sorbus intermedia","Sorbus","Lindenauer Hafen",2015,9,"Schönau","G20499",50,"50","1"
"90158","51.329203284","12.3082667329","Schwedische Mehlbeere","Sorbus intermedia","Sorbus","Lindenauer Hafen",2015,9,"Schönau","G20508",50,"100","2"
"90155","51.329175239","12.3085764654","Schwedische Mehlbeere","Sorbus intermedia","Sorbus","Lindenauer Hafen",2015,9,"Schönau","G20503",50,"90","2"
"52531","51.3062774143","12.3995217223","Spitz-Ahorn","Acer platanoides","Acer","An der Märchenwiese (östlicher Teil)",2024,0,"Marienbrunn","G25671",40,"80","3"
"14732","51.3336166821","12.3274796089","Pflaumenblättriger Weißdorn 'Splendens'","Crataegus persimilis 'Splendens'","Crataegus","Henriettenpark",2018,6,"Lindenau","G15867",75,"100","2"
"16220","51.3398918863","12.3335815515","Säulen-Eiche 'Fastigiata Koster'","Quercus robur 'Fastigiata Koster'","Quercus","Mühligstraße",2023,1,"Altlindenau","133597",15,"45","3"
"id-2663","51.321749403","12.2559521355","Winter-Linde 'Rancho'","Tilia cordata 'Rancho'","Tilia","Geschwister-Scholl-Straße",2010,14,"Miltitz","52084",50,"130","3"
"id-28475","51.3341492805","12.4022278041","Berg-Ahorn","Acer pseudoplatanus","Acer","Reichpietschstraße",1960,64,"Reudnitz-Thonberg","22205",10,"170","31"
"id-59872","51.335962872","12.361229252","Stadt-Linde","Tilia cordata 'Greenspire'","Tilia","Hillerstraße",2018,6,"Zentrum-West","75684",70,"480","7"
"id-48597","51.3946881886","12.3818653717","Säulen-Eiche 'Fastigiata Koster'","Quercus robur 'Fastigiata Koster'","Quercus","Seehausener Straße",2016,8,"Wiederitzsch","65751",40,"40","1"
"16219","51.3398443116","12.3333793345","Säulen-Eiche 'Fastigiata Koster'","Quercus robur 'Fastigiata Koster'","Quercus","Mühligstraße",2023,1,"Altlindenau","133598",15,"45","3"
"id-60110","51.3128986129","12.2885184216","Platane","Platanus x acerifolia","Platanus","Ratzelstraße",2019,5,"Grünau-Siedlung","76226",100,"400","4"
"id-4948","51.3223241507","12.2757505931","Straßen-Esche","Fraxinus excelsior 'Westhof´s Glorie'","Fraxinus","Kiewer Straße",1999,25,"Schönau","47476",250,"250","1"
"id-10243","51.3296158415","12.3684844838","Platane","Platanus x acerifolia","Platanus","Grassistraße",1999,25,"Zentrum-Süd","37008",100,"200","2"
"15807","51.319427385","12.2842991952","Stiel-Eiche","Quercus robur","Quercus","Heilbronner Straße",2023,1,"Grünau-Mitte","125971",100,"300","3"
"id-57973","51.3233515379","12.3236630653","Feld-Ahorn","Acer campestre","Acer","Weg 5202",2013,11,"Plagwitz","73661",100,"675","9"
"15800","51.3205413208","12.2840987565","Stadt-Linde","Tilia cordata 'Greenspire'","Tilia","Heilbronner Straße",2023,1,"Grünau-Mitte","125964",150,"350","3"
"id-60303","51.3272131636","12.276373888","Stiel-Eiche","Quercus robur","Quercus","Lyoner Straße",2019,5,"Schönau","76331",100,"600","6"
"15970","51.3459031016","12.3150902202","Säulen-Eiche","Quercus robur 'Fastigiata'","Quercus","Benediktusstraße",2020,4,"Leutzsch","76981",50,"285","15"
"17185","51.28485","12.3364","Gemeine Esche","Fraxinus excelsior","Fraxinus","Lauerscher Weg",2024,0,"Großzschocher","osm_cossi_3",80,"1265","16"
"id-59544","51.3153575592","12.3001715631","Kiefer","Pinus species","Pinus","Ringstraße",2000,24,"Grünau-Mitte","75126",120,"1830","19"
"id-60114","51.3120289204","12.2841101024","Platane","Platanus x acerifolia","Platanus","Ratzelstraße",2019,5,"Grünau-Siedlung","76230",100,"500","5"
"id-60000","51.3166381356","12.2644196641","Herbst-Flammen-Ahorn","Acer x  freemanii 'Autumn Blaze'","Acer","Lützner Straße",2018,6,"Grünau-Nord","75490",250,"250","1"
"id-19330","51.3059728551","12.3748170616","Amur-Traubenkirsche  'Amber Beauty'","Prunus maackii 'Amber Beauty'","Prunus","Hermannstraße",2017,7,"Connewitz","33517",10,"10","1"
"5948","51.3349420713","12.357323187","Säulen-Eiche","Quercus robur 'Fastigiata'","Quercus","Sebastian-Bach-Straße",2023,1,"Zentrum-West","38610",5,"5","1"
"94862","51.3217399292","12.3209683569","Haus-Pflaume 'Bühler Frühzwetschge'","Prunus domestica 'Bühler Frühzwetschge'","Prunus","Gleis-Grün-Zug Bahnhof Plagwitz",2016,8,"Plagwitz","G42194",150,"500","5"
"90376","51.3249172745","12.290541284","Stiel-Eiche","Quercus robur","Quercus","WG Grünau WK 5.1-Garskestraße/Lützner Straße/Schönauer Straße",2020,4,"Schönau","45836",100,"200","2"
"7813","51.3338279528","12.4023303989","Kolchischer Ahorn 'Rubrum'","Acer cappadocicum 'Rubrum'","Acer","Lene-Voigt-Park",2015,9,"Reudnitz-Thonberg","G32620",10,"155","29"
"id-59947","51.3328011083","12.3533370634","Säulen-Eiche","Quercus robur 'Fastigiata'","Quercus","Sebastian-Bach-Straße",2018,6,"Zentrum-West","75763",20,"20","1"
"11874","51.3229242474","12.3217608658","Silber-Linde","Tilia tomentosa","Tilia","Gleis-Grün-Zug Bahnhof Plagwitz",2016,8,"Plagwitz","G42165",50,"100","2"
"15974","51.3462174729","12.3140484171","Säulen-Eiche","Quercus robur 'Fastigiata'","Quercus","Benediktusstraße",2020,4,"Leutzsch","76985",50,"50","1"
"7721","51.3337515458","12.4020283276","Späte Trauben-Kirsche","Prunus serotina","Prunus","Lene-Voigt-Park",2020,4,"Reudnitz-Thonberg","G6831",10,"195","32"
"id-2093","51.3066729347","12.2948507999","Stadt-Linde","Tilia cordata 'Greenspire'","Tilia","Rapsweg",2004,20,"Großzschocher","51612",150,"150","1"
"16036","51.3404443451","12.3150847025","Stadt-Linde","Tilia cordata 'Greenspire'","Tilia","Merseburger Straße",2020,4,"Altlindenau","43718",60,"60","1"
"16221","51.3436932168","12.3255009607","Winter-Linde 'Rancho'","Tilia cordata 'Rancho'","Tilia","Hempelstraße",2023,1,"Altlindenau","132662",90,"500","7"
"id-60292","51.3270566466","12.2745068542","Stiel-Eiche","Quercus robur","Quercus","Lyoner Straße",2019,5,"Schönau","76320",100,"400","4"
"15796","51.3202150783","12.2838395018","Stadt-Linde","Tilia cordata 'Greenspire'","Tilia","Am Kirschberg",2023,1,"Grünau-Mitte","125962",100,"300","3"
"16002","51.3316888232","12.3257049458","Säulen-Ulme","Ulmus 'Columella'","Ulmus","Gießerstraße",2020,4,"Lindenau","76962",25,"25","1"
"15836","51.3196473936","12.285723663","Stiel-Eiche","Quercus robur","Quercus","Ulmer Straße",2023,1,"Grünau-Mitte","126140",100,"300","3"
"id-29076","51.347989869","12.3718310494","Stadt-Linde","Tilia cordata 'Greenspire'","Tilia","Parthenstraße",2015,9,"Zentrum-Nord","12943",25,"75","3"
"90377","51.32521711","12.2901016275","Stiel-Eiche","Quercus robur","Quercus","WG Grünau WK 5.1-Garskestraße/Lützner Straße/Schönauer Straße",2020,4,"Schönau","G56404",100,"200","2"
"id-29122","51.3480181693","12.3717415328","Stadt-Linde","Tilia cordata 'Greenspire'","Tilia","Parthenstraße",2011,13,"Zentrum-Nord","12944",20,"100","5"
"15795","51.3204323422","12.2837912369","Stadt-Linde","Tilia cordata 'Greenspire'","Tilia","Parkplatz 6201",2023,1,"Grünau-Mitte","125961",100,"200","2"
"308","51.3887518307","12.32506536","Zierkirsche","Prunus x schmittii","Prunus","Sandweg",2020,4,"Lindenthal","62134",175,"2325","16"
"91096","51.3225160951","12.2758282113","Stiel-Eiche","Quercus robur","Quercus","Schönauer Welle",2023,1,"Schönau","G42762",150,"150","1"
"7626","51.3905393378","12.3184398325","Stadt-Linde","Tilia cordata 'Greenspire'","Tilia","Karl-Marx-Platz",2018,6,"Lindenthal","G37720",10,"10","1"
"3323","51.3212196705","12.2763577916","Zerr-Eiche","Quercus cerris","Quercus","Kiewer Straße",2021,3,"Grünau-Nord","47487",150,"650","6"
"id-60302","51.3271962758","12.2761931433","Stiel-Eiche","Quercus robur","Quercus","Lyoner Straße",2019,5,"Schönau","76330",100,"500","5"
"90380","51.3250430021","12.2903909425","Stiel-Eiche","Quercus robur","Quercus","WG Grünau WK 5.1-Garskestraße/Lützner Straße/Schönauer Straße",2020,4,"Schönau","78025",100,"200","2"
"17095","51.331591363744224","12.333147092532585",NULL,NULL,"Sorbus","Merseburgerstraße",2024,0,"Altlindenau","osm_wababele_mbstr_32",3,"10","4"
"1465","51.3444814271","12.4101730309","Apfel-Dorn","Crataegus x lavallei","Crataegus","Konradstraße",2020,4,"Volkmarsdorf","5448",5,"5","1"
"id-57800","51.3258817301","12.2766011069","Nelken-Kirsche","Prunus serrulata 'Kanzan'","Prunus","Mühlhäuser Ring",2014,10,"Schönau","74223",80,"860","17"
"id-60105","51.313290258","12.2922261428","Platane","Platanus x acerifolia","Platanus","Ratzelstraße",2019,5,"Grünau-Siedlung","76221",150,"450","3"
"id-2038","51.3203445706","12.2552838814","Spitz-Ahorn","Acer platanoides","Acer","Auenweg",1989,35,"Miltitz","51964",50,"100","2"
"id-58898","51.3471126378","12.4076138458","Baumhasel","Corylus colurna","Corylus","Hildegardstraße",2015,9,"Volkmarsdorf","74606",60,"220","6"
"id-30647","51.3418628013","12.4059510563","Kaiser-Linde","Tilia x vulgaris 'Pallida'","Tilia","Hermann-Liebmann-Straße",2011,13,"Neustadt-Neuschönefeld","9043",40,"680","17"
"id-29322","51.3499004961","12.3725854492","Platane","Platanus x acerifolia","Platanus","Pfaffendorfer Straße",2012,12,"Zentrum-Nord","13161",20,"30","2"
"id-31083","51.3449190964","12.4164102204","Säulen-Hainbuche 'Frans Fontaine'","Carpinus betulus 'Frans Fontaine'","Carpinus","Eisenbahnstraße",2009,15,"Volkmarsdorf","8882",30,"30","1"
"id-8742","51.3240409377","12.3415099732","Straßen-Robinie","Robinia pseudoacacia 'Monophylla'","Robinia","Brockhausstraße",2001,23,"Schleußig","40811",80,"125","2"
"16297","51.3210101525","12.33807733","Stadt-Linde","Tilia cordata 'Greenspire'","Tilia","Holbeinstraße",2023,1,"Schleußig","40439",90,"90","1"
"id-34722","51.3546438434","12.4076345384","Winter-Linde 'Rancho'","Tilia cordata 'Rancho'","Tilia","Heinkstraße",2008,16,"Schönefeld-Abtnaundorf","6942",60,"170","5"
"id-44071","51.3886846411","12.325029749","Zierkirsche","Prunus x schmittii","Prunus","Sandweg",2003,21,"Lindenthal","62135",175,"2075","14"
"1479","51.353888091","12.4617955205","Rot-Esche Summit","Fraxinus pennsylvanica 'Summit'","Fraxinus","Schlehenweg",2020,4,"Paunsdorf","50369",70,"740","41"
"16617","51.3678335837","12.3715593663","Hopfenbuche","Ostrya carpinifolia","Ostrya","Corinthstraße",2024,0,"Gohlis-Mitte","133800",50,"100","3"
"7627","51.3906533497","12.3186151593","Stadt-Linde","Tilia cordata 'Greenspire'","Tilia","Karl-Marx-Platz",2018,6,"Lindenthal","G46669",10,"20","2"
"90153","51.3291725463","12.3086784104","Schwedische Mehlbeere","Sorbus intermedia","Sorbus","Lindenauer Hafen",2015,9,"Schönau","G20501",80,"130","2"
"94232","51.3293667938","12.3084347427","Schwedische Mehlbeere","Sorbus intermedia","Sorbus","Lindenauer Hafen",2015,9,"Schönau","G20493",50,"50","1"
"1384","51.3474121373","12.3977644087","Säulen-Hainbuche 'Frans Fontaine'","Carpinus betulus 'Frans Fontaine'","Carpinus","Mariannenstraße",2020,4,"Neustadt-Neuschönefeld","8216",10,"60","6"
"94867","51.3225865086","12.3214696348","Walnuss","Juglans regia","Juglans","Gleis-Grün-Zug Bahnhof Plagwitz",2016,8,"Plagwitz","G42210",150,"550","5"
"id-24122","51.3153498978","12.4197241274","Kaiser-Linde","Tilia x vulgaris 'Pallida'","Tilia","Naunhofer Straße",2014,10,"Stötteritz","24383",50,"50","1"
"id-29924","51.3477061149","12.3983840561","Robinie 'Sandraudiga'","Robinia pseudoacacia 'Sandraudiga'","Robinia","Rosa-Luxemburg-Straße",2018,6,"Neustadt-Neuschönefeld","9176",20,"100","9"
"id-7628","51.3220921074","12.3386254265","Kegel-Linde","Tilia flavescens 'Glenleven'","Tilia","Holbeinstraße",2017,7,"Schleußig","40457",90,"420","5"
"16818","51.3316540751","12.3752650154","Winter-Linde 'Rancho'","Tilia cordata 'Rancho'","Tilia","Emilienstraße",2023,1,"Zentrum-Süd","134116",10,"40","4"
"7451","51.3297417279","12.393119243","Sand-Birke","Betula pendula","Betula","Friedenspark (Neuer Johannisfriedhof)",2022,2,"Zentrum-Südost","G3204",10,"160","20"
"id-34939","51.3546148021","12.4080899423","Winter-Linde 'Roelvo'","Tilia cordata 'Roelvo'","Tilia","Heinkstraße",2013,11,"Schönefeld-Abtnaundorf","6946",40,"190","7"
"id-25909","51.3241206554","12.4157364721","Chinesische Wildbirne 'Chanticleer'","Pyrus calleryana 'Chanticleer'","Pyrus","Schwarzackerstraße",2001,23,"Stötteritz","26173",35,"60","2"
"102047","51.3227902345","12.3211241631","Haus-Apfel 'Cox Orange'","Malus domestica 'Cox Orange'","Malus","Gleis-Grün-Zug Bahnhof Plagwitz",2016,8,"Plagwitz","G42214",150,"550","5"
"id-60271","51.328040261","12.2799124625","Stiel-Eiche","Quercus robur","Quercus","Lyoner Straße",2019,5,"Schönau","76353",200,"500","4"
"16613","51.3674642146","12.3720836756","Hopfenbuche","Ostrya carpinifolia","Ostrya","Corinthstraße",2024,0,"Gohlis-Mitte","133796",50,"200","7"
"94861","51.3216252061","12.3208523179","Haus-Apfel  'Weißer Winter-Calville'","Malus domestica 'Weißer Winter-Calville'","Malus","Gleis-Grün-Zug Bahnhof Plagwitz",2020,4,"Plagwitz","G42191",150,"500","5"
"2321","51.3435149916","12.3191801162","Säulen-Tulpenbaum","Liriodendron tulipifera 'Fastigiatum'","Liriodendron","Pufendorfstraße",2021,3,"Altlindenau","77002",90,"120","2"
"90154","51.3292054066","12.3086328418","Schwedische Mehlbeere","Sorbus intermedia","Sorbus","Lindenauer Hafen",2015,9,"Schönau","G20502",50,"100","2"
"id-60301","51.3271789066","12.2760303721","Stiel-Eiche","Quercus robur","Quercus","Lyoner Straße",2019,5,"Schönau","76329",100,"600","6"
"17092","51.332375784448686","12.332540342585332",NULL,NULL,"Ailanthus","Merseburgerstraße",2024,0,"Altlindenau","osm_wababele_mbstr_39",3,"17","8"
"id-15260","51.3509116156","12.3426825852","Stadt-Linde","Tilia cordata 'Greenspire'","Tilia","Am Sportforum",2009,15,"Zentrum-Nordwest","42528",20,"72","4"
"3319","51.3203767144","12.2768904693","Zerr-Eiche","Quercus cerris","Quercus","Kiewer Straße",2021,3,"Grünau-Nord","47459",150,"650","6"
"90381","51.3249856345","12.2904732761","Stiel-Eiche","Quercus robur","Quercus","WG Grünau WK 5.1-Garskestraße/Lützner Straße/Schönauer Straße",2020,4,"Schönau","78026",100,"200","2"
"16616","51.3677524603","12.3716733945","Hopfenbuche","Ostrya carpinifolia","Ostrya","Corinthstraße",2024,0,"Gohlis-Mitte","133799",50,"100","3"
"id-56921","51.3258210029","12.3238418087","Zerr-Eiche","Quercus cerris","Quercus","Markranstädter Straße",2013,11,"Plagwitz","73655",100,"1345","16"
"id-30025","51.3472909376","12.3977763764","Säulen-Hainbuche 'Frans Fontaine'","Carpinus betulus 'Frans Fontaine'","Carpinus","Mariannenstraße",1999,25,"Neustadt-Neuschönefeld","8205",20,"50","4"
"3216","51.3243696434","12.2936675884","Säulen-Tulpenbaum","Liriodendron tulipifera 'Fastigiatum'","Liriodendron","Weißdornstraße",2021,3,"Grünau-Ost","85560",100,"100","1"
"id-29301","51.3493740946","12.3722697237","Platane","Platanus x acerifolia","Platanus","Pfaffendorfer Straße",1997,27,"Zentrum-Nord","13146",5,"55","11"
"id-57975","51.3233854068","12.3233781635","Feld-Ahorn","Acer campestre","Acer","Weg 5202",2013,11,"Plagwitz","73663",100,"710","12"
"id-34724","51.354636533","12.4077471354","Winter-Linde 'Rancho'","Tilia cordata 'Rancho'","Tilia","Heinkstraße",2008,16,"Schönefeld-Abtnaundorf","6943",65,"420","10"
"id-41200","51.356880508","12.472704241","Baumhasel","Corylus colurna","Corylus","Bisamstraße",1993,31,"Heiterblick","50831",80,"130","2"
"id-32716","51.3607695062","12.3918745516","Stadt-Linde","Tilia cordata 'Greenspire'","Tilia","Dessauer Straße",2016,8,"Eutritzsch","3415",15,"104","10"
"16024","51.3215303007","12.2761212737","Zerr-Eiche","Quercus cerris","Quercus","Kiewer Straße",2020,4,"Grünau-Nord","47491",150,"450","4"
"15798","51.3207301412","12.2851495483","Hopfenbuche","Ostrya carpinifolia","Ostrya","Heilbronner Straße",2023,1,"Grünau-Mitte","125963",100,"200","2"
"90150","51.3292859664","12.3085455726","Vogel-Kirsche","Prunus avium","Prunus","Lindenauer Hafen",2015,9,"Schönau","G20498",50,"130","3"
"82130","51.3069861919","12.2925866645","Eberesche","Sorbus aucuparia","Sorbus","WG Neubauernsiedlung-Grünverbindung zwischen Rapsweg und Neubauernstraße (3.BA)",2012,12,"Großzschocher","G25821",80,"140","3"
"id-31676","51.3440145752","12.4284653074","Schmalkronige Weiß-Esche","Fraxinus americana 'Skyline'","Fraxinus","Wurzner Straße",2014,10,"Sellerhausen-Stünz","6065",45,"65","2"
"id-60277","51.3277282078","12.2789779819","Stiel-Eiche","Quercus robur","Quercus","Lyoner Straße",2019,5,"Schönau","76347",100,"300","3"
"id-1992","51.3202547417","12.2545371075","Spitz-Ahorn","Acer platanoides","Acer","Auenweg",2012,12,"Miltitz","51969",50,"100","2"
"id-59865","51.3081653019","12.3798000899","Amberbaum","Liquidambar styraciflua","Liquidambar","Pfeffingerstraße",2018,6,"Connewitz","75524",20,"53","3"
"id-60252","51.3293870656","12.2827746716","Stiel-Eiche","Quercus robur","Quercus","Lyoner Straße",2019,5,"Schönau","76372",150,"150","1"
"17094","51.331841878732149","12.332992468620233",NULL,NULL,"Quercus","Merseburgerstraße",2024,0,"Altlindenau","osm_wababele_mbstr_38",3,"7","3"
"id-58782","51.3332786646","12.32382945","Stadt-Linde","Tilia cordata 'Greenspire'","Tilia","Lützner Straße",2014,10,"Lindenau","74430",140,"440","4"
"7833","51.3293277482","12.3087080809","Vogel-Kirsche","Prunus avium","Prunus","Lindenauer Hafen",2015,9,"Schönau","G20487",50,"50","1"
"16760","51.3404925578","12.3148182346","Brabanter Silber-Linde","Tilia tomentosa 'Brabant'","Tilia","Merseburger Straße",2024,0,"Altlindenau","43720",30,"180","6"
"102049","51.3229173378","12.321172018","Haus-Apfel  'Roter Eiserapfel'","Malus domestica 'Roter Eiserapfel'","Malus","Gleis-Grün-Zug Bahnhof Plagwitz",2016,8,"Plagwitz","G42216",150,"550","5"
"94231","51.3293890613","12.3084878493","Schwedische Mehlbeere","Sorbus intermedia","Sorbus","Lindenauer Hafen",2015,9,"Schönau","G20491",50,"50","1"
"id-60268","51.3282073981","12.2803470355","Stiel-Eiche","Quercus robur","Quercus","Lyoner Straße",2019,5,"Schönau","76356",100,"300","3"
"id-60297","51.3271136517","12.2753714297","Stiel-Eiche","Quercus robur","Quercus","Lyoner Straße",2019,5,"Schönau","76325",100,"600","6"
"6812","51.3062870501","12.3988220909","Spitz-Ahorn","Acer platanoides","Acer","An der Märchenwiese (östlicher Teil)",2020,4,"Marienbrunn","G52657",20,"235","26"
"id-59928","51.3181996595","12.3713821001","Hopfenbuche","Ostrya carpinifolia","Ostrya","Kochstraße",2018,6,"Südvorstadt","75701",30,"30","1"
"id-7631","51.3221611407","12.3386512852","Kegel-Linde","Tilia flavescens 'Glenleven'","Tilia","Holbeinstraße",2017,7,"Schleußig","40456",80,"280","4"
"id-36220","51.365639561","12.4277180465","Purpur-Erle","Alnus x spaethii","Alnus","Stöhrerstraße",2017,7,"Schönefeld-Ost","12453",15,"30","2"
"15805","51.3195666903","12.2842354411","Stiel-Eiche","Quercus robur","Quercus","Heilbronner Straße",2023,1,"Grünau-Mitte","125969",100,"300","3"
"id-56529","51.3439131492","12.3746092823","Stadt-Linde","Tilia cordata 'Greenspire'","Tilia","Richard-Wagner-Straße",2013,11,"Zentrum","73389",50,"200","4"
"16619","51.3679948679","12.3713303953","Hopfenbuche","Ostrya carpinifolia","Ostrya","Corinthstraße",2024,0,"Gohlis-Mitte","137660",50,"100","3"
"id-60291","51.3270468328","12.274340334","Stiel-Eiche","Quercus robur","Quercus","Lyoner Straße",2019,5,"Schönau","76319",100,"400","4"
"id-60272","51.3279879644","12.2797597946","Stiel-Eiche","Quercus robur","Quercus","Lyoner Straße",2019,5,"Schönau","76352",100,"300","3"
"2029","51.322984699999999","12.321183400000001",NULL,NULL,NULL,NULL,2016,8,"Plagwitz","osm_6058038169",150,"150","1"
"id-12445","51.332812002","12.3333963572","Apfel-Dorn","Crataegus x lavallei","Crataegus","Aurelienstraße",2003,21,"Lindenau","44377",40,"110","3"
"id-56922","51.3258339791","12.3237231035","Zerr-Eiche","Quercus cerris","Quercus","Markranstädter Straße",2013,11,"Plagwitz","73656",100,"275","4"
"id-60122","51.3112631899","12.2802386893","Platane","Platanus x acerifolia","Platanus","Ratzelstraße",2019,5,"Grünau-Siedlung","76238",100,"500","5"
"17090","51.332493080092434","12.331908689591614",NULL,NULL,"Cerasus","Aurelienstraße",2024,0,"Altlindenau","osm_wababele_aurstr_36",6,"32","8"
"id-60121","51.3113057658","12.2804336392","Platane","Platanus x acerifolia","Platanus","Ratzelstraße",2019,5,"Grünau-Siedlung","76237",100,"500","5"
"id-29923","51.3475202508","12.3978922064","Robinie 'Sandraudiga'","Robinia pseudoacacia 'Sandraudiga'","Robinia","Rosa-Luxemburg-Straße",2018,6,"Neustadt-Neuschönefeld","9174",20,"90","8"
"3888","51.3207280544","12.2563029297","Stadt-Linde","Tilia cordata 'Greenspire'","Tilia","Geschwister-Scholl-Straße",2022,2,"Miltitz","52087",50,"100","2"
"id-60287","51.3273573114","12.2773971056","Stiel-Eiche","Quercus robur","Quercus","Lyoner Straße",2019,5,"Schönau","76337",100,"400","4"
"id-10242","51.329714302","12.3684433836","Platane","Platanus x acerifolia","Platanus","Grassistraße",1999,25,"Zentrum-Süd","37007",100,"200","2"
"id-60279","51.3276482651","12.2786614282","Stiel-Eiche","Quercus robur","Quercus","Lyoner Straße",2019,5,"Schönau","76345",100,"400","4"
"id-57803","51.3258238104","12.2762379009","Nelken-Kirsche","Prunus serrulata 'Kanzan'","Prunus","Mühlhäuser Ring",2014,10,"Schönau","74226",30,"429","22"
"id-60117","51.3119212626","12.2835754257","Platane","Platanus x acerifolia","Platanus","Ratzelstraße",2019,5,"Grünau-Siedlung","76233",100,"500","5"
"id-25300","51.3149513157","12.4203294677","Kaiser-Linde","Tilia x vulgaris 'Pallida'","Tilia","Naunhofer Straße",2014,10,"Stötteritz","24389",50,"50","1"
"97040","51.3255728927","12.2895735878","Stiel-Eiche","Quercus robur","Quercus","WG Grünau WK 5.1-Garskestraße/Lützner Straße/Schönauer Straße",2020,4,"Schönau","78016",100,"100","1"
"312","51.3886288714","12.3251160909","Zierkirsche","Prunus x schmittii","Prunus","Sandweg",2020,4,"Lindenthal","62151",175,"2350","16"
"id-60115","51.3119937988","12.2839299179","Platane","Platanus x acerifolia","Platanus","Ratzelstraße",2019,5,"Grünau-Siedlung","76231",100,"500","5"
"6814","51.3063040987","12.3991157129","Spitz-Ahorn","Acer platanoides","Acer","An der Märchenwiese (östlicher Teil)",2020,4,"Marienbrunn","G52659",60,"160","3"
"id-60284","51.327450443","12.2778822744","Stiel-Eiche","Quercus robur","Quercus","Lyoner Straße",2019,5,"Schönau","76340",100,"400","4"
"97043","51.3254445006","12.2897193245","Stiel-Eiche","Quercus robur","Quercus","WG Grünau WK 5.1-Garskestraße/Lützner Straße/Schönauer Straße",2020,4,"Schönau","78018",100,"100","1"
"15838","51.3195635277","12.2858835623","Stiel-Eiche","Quercus robur","Quercus","Ulmer Straße",2023,1,"Grünau-Mitte","126139",100,"300","3"
"id-33312","51.3666561953","12.3777978191","Linde","Tilia species","Tilia","Coppistraße",1992,32,"Gohlis-Mitte","58898",10,"540","54"
"16883","51.3671917848","12.3788530044","Tulpenbaum","Liriodendron tulipifera","Liriodendron","Krokerstraße",2024,0,"Gohlis-Mitte","133818",80,"160","2"
"id-58780","51.3330967952","12.3233570547","Stadt-Linde","Tilia cordata 'Greenspire'","Tilia","Lützner Straße",2014,10,"Lindenau","74432",30,"70","3"
"id-59031","51.3397215432","12.3264200591","Dreilappiger Apfel","Eriolobus trilobatus","Eriolobus","Calvisiusstraße",2024,0,"Altlindenau","74681",100,"305","8"
"3220","51.3240376717","12.2938163563","Säulen-Tulpenbaum","Liriodendron tulipifera 'Fastigiatum'","Liriodendron","Weißdornstraße",2021,3,"Grünau-Ost","85564",100,"100","1"
"102046","51.3227301242","12.3210953699","Haus-Apfel 'Rote Sternrenette'","Malus domestica 'Rote Sternrenette'","Malus","Gleis-Grün-Zug Bahnhof Plagwitz",2016,8,"Plagwitz","G42213",150,"550","5"
"1622","51.3207562322","12.2637453219","Stiel-Eiche","Quercus robur","Quercus","Am kleinen Feld",2020,4,"Grünau-Nord","77987",200,"500","4"
"id-12549","51.332669933","12.332316451","Säulen-Ahorn","Acer platanoides 'Columnare'","Acer","Merseburger Straße",1999,25,"Lindenau","43851",5,"10","3"
"90379","51.3251547106","12.2902060369","Stiel-Eiche","Quercus robur","Quercus","WG Grünau WK 5.1-Garskestraße/Lützner Straße/Schönauer Straße",2020,4,"Schönau","78023",100,"200","2"
"id-22320","51.3289849734","12.3717860869","Platane","Platanus x acerifolia","Platanus","Floßplatz",2010,14,"Zentrum-Süd","38904",10,"10","1"
"id-29918","51.3472942914","12.3972960682","Robinie 'Sandraudiga'","Robinia pseudoacacia 'Sandraudiga'","Robinia","Rosa-Luxemburg-Straße",2018,6,"Neustadt-Neuschönefeld","9169",20,"70","5"
"1397","51.3327096718","12.4064612048","Kegelförmiger Spitz-Ahorn","Acer platanoides 'Emerald Queen'","Acer","Riebeckstraße",2020,4,"Reudnitz-Thonberg","22124",80,"440","8"
"id-60294","51.3270706993","12.2748554426","Stiel-Eiche","Quercus robur","Quercus","Lyoner Straße",2019,5,"Schönau","76322",100,"400","4"
"id-29085","51.3480651152","12.3721220288","Stadt-Linde","Tilia cordata 'Greenspire'","Tilia","Parthenstraße",2009,15,"Zentrum-Nord","12924",30,"154","7"
"90160","51.3291720557","12.3082072605","Schwedische Mehlbeere","Sorbus intermedia","Sorbus","Lindenauer Hafen",2015,9,"Schönau","G20513",50,"140","3"
"11265","51.3271515099","12.3240344701","Feld-Ahorn 'Elsrijk'","Acer campestre 'Elsrijk'","Acer","ehemalige Gleistrasse zwischen Gießerstraße und Naumburger Straße",2013,11,"Plagwitz","G3531",20,"30","2"
"16029","51.3239270103","12.274618566","Zerr-Eiche","Quercus cerris","Quercus","Kiewer Straße",2020,4,"Grünau-Nord","47548",150,"450","4"
"id-7808","51.3271099903","12.324110677","Feld-Ahorn 'Elsrijk'","Acer campestre 'Elsrijk'","Acer","Weg 5103",2013,11,"Plagwitz","69141",20,"30","2"
"89990","51.3147350289","12.2798642921","Stiel-Eiche","Quercus robur","Quercus","WG Grünau WK 4-Kiewer Straße (O-Seite) von Ratzelstraße bis DB",2022,2,"Grünau-Mitte","90090",150,"150","1"
"id-27868","51.3332088242","12.376612355","Stadt-Linde","Tilia cordata 'Greenspire'","Tilia","Windmühlenstraße",1996,28,"Zentrum-Süd","29183",85,"380","12"
"id-60106","51.3130270118","12.289285539","Platane","Platanus x acerifolia","Platanus","Ratzelstraße",2019,5,"Grünau-Siedlung","76222",100,"400","4"
"id-14316","51.3348433083","12.3571394141","Chinesische Wildbirne 'Chanticleer'","Pyrus calleryana 'Chanticleer'","Pyrus","Sebastian-Bach-Straße",1998,26,"Zentrum-West","38611",10,"75","8"
"id-60289","51.3270303969","12.2739937536","Stiel-Eiche","Quercus robur","Quercus","Lyoner Straße",2019,5,"Schönau","76317",100,"600","6"
"7836","51.3291823314","12.3083216536","Schwedische Mehlbeere","Sorbus intermedia","Sorbus","Lindenauer Hafen",2015,9,"Schönau","G20509",50,"50","1"
"5938","51.3485117518","12.3148265806","Eingriffliger Weißdorn","Crataegus monogyna","Crataegus","Am Wasserschloß",2000,24,"Leutzsch","123857",20,"20","1"
"8098","51.320726442","12.2546002176","Silber-Linde","Tilia tomentosa","Tilia","Park Miltitz",2020,4,"Miltitz","G49710",50,"150","3"
"id-60298","51.3271243647","12.2755264122","Stiel-Eiche","Quercus robur","Quercus","Lyoner Straße",2019,5,"Schönau","76326",100,"400","4"
"90157","51.329211412","12.308358138","Schwedische Mehlbeere","Sorbus intermedia","Sorbus","Lindenauer Hafen",2015,9,"Schönau","G20507",50,"50","1"
"id-31677","51.3440749539","12.4286672857","Schmalkronige Weiß-Esche","Fraxinus americana 'Skyline'","Fraxinus","Wurzner Straße",2014,10,"Sellerhausen-Stünz","6067",20,"20","1"
"id-13188","51.3310586729","12.3441126642","Hänge-Silber-Linde","Tilia tomentosa 'Petiolaris'","Tilia","Forststraße",2018,6,"Plagwitz","40346",20,"20","1"
"id-55634","51.3422751074","12.4058302596","Nelken-Kirsche","Prunus serrulata 'Kanzan'","Prunus","Hermann-Liebmann-Straße",2011,13,"Neustadt-Neuschönefeld","71316",40,"640","16"
"439","51.3172879692","12.325639021","Säulen-Fächerblattbaum","Ginkgo biloba 'Princeton Sentry'","Ginkgo","Gießerstraße",2020,4,"Kleinzschocher","76150",17,"17","1"
"7834","51.3293840861","12.3086078741","Schwedische Mehlbeere","Sorbus intermedia","Sorbus","Lindenauer Hafen",2015,9,"Schönau","G20488",50,"100","2"
"94234","51.3292543028","12.3082442189","Vogel-Kirsche","Prunus avium","Prunus","Lindenauer Hafen",2015,9,"Schönau","G20506",50,"50","1"
"id-4983","51.3238391881","12.2746671267","Straßen-Esche","Fraxinus excelsior 'Westhof´s Glorie'","Fraxinus","Kiewer Straße",2000,24,"Grünau-Nord","47547",200,"200","1"
"id-33474","51.3670530352","12.3788875194","Japanischer Schnurbaum 'Regent'","Sophora japonica 'Regent'","Sophora","Krokerstraße",1996,28,"Gohlis-Mitte","59703",10,"10","1"
"id-57802","51.3258394451","12.2763338736","Nelken-Kirsche","Prunus serrulata 'Kanzan'","Prunus","Mühlhäuser Ring",2014,10,"Schönau","74225",30,"430","22"
"7640","51.352271511","12.3696017459","Holländische Linde","Tilia x vulgaris","Tilia","Kickerlingsberg/Springerstraße",2011,13,"Zentrum-Nordwest","G2022",5,"5","1"
"11878","51.3221892707","12.3214200132","Süßkirsche 'Hedelfinger Riesenkirsche'","Prunus avium 'Hedelfinger Riesenkirsche'","Prunus","Gleis-Grün-Zug Bahnhof Plagwitz",2016,8,"Plagwitz","G42181",150,"550","5"
"52430","51.3222090025","12.3212289565","Süßkirsche 'Große Schwarze Knorpel '","Prunus avium 'Große Schwarze Knorpel'","Prunus","Gleis-Grün-Zug Bahnhof Plagwitz",2024,0,"Plagwitz","G42185",150,"500","5"
"11886","51.3219345525","12.3210936622","Kultur-Birne 'Conference'","Pyrus communis 'Conference'","Pyrus","Gleis-Grün-Zug Bahnhof Plagwitz",2016,8,"Plagwitz","G42198",150,"500","5"
"90275","51.3258209081","12.2781816615","Hänge-Buche","Fagus sylvatica 'Pendula'","Fagus","Schönauer Viertel, nördlich Weimarer Straße",2016,8,"Schönau","G46012",15,"30","2"
